target,RFC
advocate,sale
pilot,pilot
machine learn engineer,ai specialist
data scientist,data scientist
construction manager,construction manager
event planner,event planner
electrician,electrician
backend developer,backend developer
frontend developer,frontend developer
construction,engineering
businessdevelopment,businessdevelopment
nurse,nurse
nurse,nurse
environmental scientist,environmental scientist
backend developer,backend developer
electrical engineering,electrical engineering
fitness,fitness
creative director,creative director
automation testing,automation testing
informationtechnology,informationtechnology
apparel,sale
apparel,banking
cybersecurity analyst,cybersecurity analyst
graphic designer,graphic designer
social worker,social worker
product manager,product manager
mechanical engineer,urban planner
network security engineer,network security engineer
agriculture,engineering
creative director,creative director
ai researcher,ai researcher
supply chain manager,supply chain manager
web designing,web designing
biomedical engineer,biomedical engineer
accountant,accountant
digitalmedia,digitalmedia
personal trainer,personal trainer
bpo,bpo
research scientist,research scientist
financial analyst,financial analyst
automation testing,automation testing
web designing,web designing
informationtechnology,businessdevelopment
finance,finance
psychologist,psychologist
web designing,web designing
urban planner,urban planner
software engineer,software engineer
operation manager,operation manager
etl developer,etl developer
construction,businessdevelopment
accountant,accountant
product manager,product manager
pilot,pilot
informationtechnology,informationtechnology
advocate,advocate
blockchain,blockchain
content writer,content writer
data analyst,data analyst
ai specialist,ai researcher
healthcare,healthcare
cloud architect,cloud architect
mechanical engineer,mechanical engineer
dentist,dentist
financial analyst,financial analyst
electrician,electrician
biomedical engineer,biomedical engineer
advocate,banking
physician,web developer
mobile app developer iosandroid,mobile app developer iosandroid
pharmacist,pharmacist
consultant,finance
event planner,event planner
chef,chef
healthcare,healthcare
ai researcher,ai researcher
python developer,python developer
civil engineer,civil engineer
data analyst,data analyst
aviation,banking
dentist,dentist
stack developer,stack developer
mobile app developer iosandroid,mobile app developer iosandroid
finance,finance
digitalmedia,consultant
construction,hr
lawyer,lawyer
mobile app developer iosandroid,mobile app developer iosandroid
data analyst,data analyst
sale,sale
system analyst,system analyst
cloud engineer,cloud engineer
lawyer,lawyer
operation manager,operation manager
hadoop,hadoop
dentist,dentist
database,database
bpo,bpo
pilot,pilot
pharmacist,pharmacist
designer,designer
ux designer,ux designer
bpo,bpo
hr specialist,hr specialist
ai researcher,ai researcher
creative director,creative director
automobile,automobile
system analyst,system analyst
pharmacist,pharmacist
electrician,electrician
agriculture,businessdevelopment
electrician,urban planner
urban planner,urban planner
journalist,journalist
customer service representative,customer service representative
web designing,web designing
agriculture,finance
aviation,consultant
lawyer,lawyer
designer,advocate
python developer,python developer
frontend developer,frontend developer
graphic designer,graphic designer
ux designer,ux designer
sale,businessdevelopment
customer service representative,customer service representative
designer,designer
aviation,hr
ai specialist,ai specialist
civil engineer,civil engineer
hadoop,hadoop
data scientist,data scientist
chef,chef
seo specialist,seo specialist
machine learn engineer,machine learn engineer
ux designer,architect
veterinarian,veterinarian
marketing manager,marketing manager
software engineer,software engineer
designer,fitness
informationtechnology,informationtechnology
database administrator,database administrator
sap developer,sap developer
electrical engineering,electrical engineering
finance,finance
environmental scientist,environmental scientist
hr specialist,hr specialist
network security engineer,network security engineer
finance,finance
aviation,aviation
mobile app developer iosandroid,mobile app developer iosandroid
fitness,engineering
electrical engineering,electrical engineering
journalist,journalist
machine learn engineer,machine learn engineer
consultant,consultant
advocate,businessdevelopment
creative director,creative director
finance,finance
aviation,businessdevelopment
civil engineer,construction manager
sale,cloud engineer
ai specialist,ai specialist
database administrator,database administrator
engineering,engineering
social worker,social worker
pmo,pmo
frontend developer,frontend developer
business analyst,business analyst
informationtechnology,informationtechnology
art,fitness
teacher,teacher
mobile app developer iosandroid,mobile app developer iosandroid
machine learn engineer,machine learn engineer
creative director,creative director
advocate,advocate
machine learn engineer,machine learn engineer
fitness coach,fitness coach
publicrelation,informationtechnology
mechanical engineer,mechanical engineer
teacher,journalist
fitness,engineering
hadoop,hadoop
architect,architect
pilot,pilot
business analyst,business analyst
software engineer,software engineer
cloud architect,cloud architect
network security engineer,network security engineer
hr,hr
seo specialist,seo specialist
publicrelation,finance
blockchain,blockchain
seo specialist,seo specialist
designer,sale
hr,advocate
social worker,social worker
bpo,bpo
personal trainer,personal trainer
devops engineer,devops engineer
cloud engineer,cloud engineer
fitness coach,fitness coach
operation manager,construction manager
robotic engineer,robotic engineer
web developer,web developer
fitness,fitness
civil engineer,mechanical engineer
personal trainer,personal trainer
cloud engineer,cloud engineer
designer,engineering
system analyst,system analyst
frontend developer,frontend developer
environmental scientist,environmental scientist
pharmacist,pharmacist
financial analyst,financial analyst
urban planner,product manager
blockchain,blockchain
accountant,engineering
finance,finance
creative director,creative director
product manager,product manager
automobile,automobile
electrical engineering,electrical engineering
sap developer,sap developer
teacher,teacher
dentist,dentist
database,database
devops engineer,devops engineer
legal consultant,legal consultant
data analyst,data analyst
art,businessdevelopment
advocate,consultant
data analyst,data analyst
digitalmedia,engineering
data scientist,data scientist
marketing manager,marketing manager
pmo,pmo
informationtechnology,consultant
frontend developer,frontend developer
customer service representative,customer service representative
seo specialist,seo specialist
ai researcher,ai researcher
business analyst,business analyst
personal trainer,personal trainer
business analyst,business analyst
sale,sale
web developer,web developer
apparel,publicrelation
robotic engineer,robotic engineer
robotic engineer,robotic engineer
engineering,engineering
research scientist,research scientist
journalist,journalist
lawyer,lawyer
banking,sale
testing,testing
electrician,electrician
python developer,python developer
biomedical engineer,biomedical engineer
businessdevelopment,businessdevelopment
fitness,fitness
environmental scientist,environmental scientist
creative director,creative director
lawyer,lawyer
aviation,aviation
construction,designer
operation manager,construction manager
businessdevelopment,businessdevelopment
graphic designer,graphic designer
content writer,content writer
frontend developer,frontend developer
content writer,content writer
network security engineer,network security engineer
physician,physician
mechanical engineer,civil engineer
publicrelation,businessdevelopment
ai researcher,ai researcher
customer service representative,customer service representative
fitness,sale
database,database
electrical engineering,electrical engineering
software engineer,software engineer
data scientist,data scientist
cloud architect,cloud architect
social worker,social worker
chef,sale
dotnet developer,dotnet developer
automation testing,automation testing
dentist,dentist
data analyst,data analyst
art,python developer
network security engineer,network security engineer
finance,finance
automation testing,automation testing
frontend developer,frontend developer
engineering,finance
urban planner,urban planner
fitness coach,fitness coach
seo specialist,seo specialist
research scientist,research scientist
ai researcher,ai researcher
businessdevelopment,businessdevelopment
art,fitness
product manager,product manager
construction manager,construction manager
machine learn engineer,machine learn engineer
business analyst,business analyst
sale,consultant
research scientist,research scientist
personal trainer,personal trainer
network security engineer,network security engineer
bpo,bpo
machine learn engineer,machine learn engineer
chef,consultant
accountant,financial analyst
legal consultant,legal consultant
ai researcher,ai researcher
legal consultant,legal consultant
art,engineering
lawyer,ai researcher
database,database
biomedical engineer,biomedical engineer
fitness,finance
art,businessdevelopment
chef,chef
data scientist,data scientist
operation manager,operation manager
software engineer,software engineer
operation manager,operation manager
ai researcher,ai researcher
healthcare,advocate
business analyst,business analyst
hr specialist,hr specialist
graphic designer,graphic designer
python developer,python developer
advocate,aviation
sap developer,sap developer
banking,sale
system analyst,system analyst
electrician,electrician
database,database
system analyst,system analyst
healthcare,aviation
product manager,product manager
creative director,creative director
research scientist,research scientist
construction,advocate
system analyst,system analyst
fitness coach,fitness coach
civil engineer,civil engineer
accountant,accountant
environmental scientist,environmental scientist
veterinarian,veterinarian
legal consultant,legal consultant
nurse,nurse
ai researcher,ai researcher
personal trainer,personal trainer
java developer,java developer
chef,chef
dotnet developer,dotnet developer
customer service representative,customer service representative
journalist,journalist
publicrelation,businessdevelopment
machine learn engineer,machine learn engineer
construction,engineering
chef,engineering
psychologist,machine learn engineer
banking,banking
chef,pilot
creative director,creative director
blockchain,blockchain
finance,businessdevelopment
lawyer,lawyer
psychologist,psychologist
consultant,advocate
machine learn engineer,machine learn engineer
dentist,dentist
java developer,java developer
robotic engineer,robotic engineer
consultant,consultant
social worker,social worker
ai specialist,ai specialist
veterinarian,veterinarian
chef,chef
urban planner,urban planner
python developer,python developer
electrician,electrician
fitness,sale
cloud architect,cloud architect
nurse,nurse
apparel,businessdevelopment
aviation,hr
chef,hr
ai researcher,ai researcher
database,database
designer,designer
apparel,aviation
art,businessdevelopment
civil engineer,civil engineer
banking,consultant
frontend developer,frontend developer
aviation,aviation
personal trainer,personal trainer
web designing,web designing
mechanical engineer,informationtechnology
database,database
physician,electrician
nurse,content writer
digitalmedia,hr
creative director,creative director
biomedical engineer,biomedical engineer
apparel,aviation
automation testing,automation testing
creative director,creative director
financial analyst,financial analyst
hr specialist,hr specialist
agriculture,agriculture
cybersecurity analyst,urban planner
aviation,aviation
biomedical engineer,biomedical engineer
designer,sap developer
digitalmedia,hr
accountant,advocate
machine learn engineer,machine learn engineer
automation testing,automation testing
publicrelation,designer
lawyer,lawyer
automobile,consultant
chef,chef
environmental scientist,environmental scientist
biomedical engineer,biomedical engineer
banking,hr
physician,physician
testing,testing
ai researcher,ai researcher
robotic engineer,robotic engineer
graphic designer,fitness coach
informationtechnology,informationtechnology
dentist,dentist
sale representative,sale representative
stack developer,stack developer
architect,architect
event planner,event planner
electrician,electrician
financial analyst,financial analyst
software engineer,software engineer
accountant,accountant
sale representative,sale representative
customer service representative,customer service representative
advocate,businessdevelopment
consultant,consultant
creative director,creative director
electrician,electrician
chef,chef
ai specialist,ai researcher
research scientist,research scientist
designer,sale
data science,data science
urban planner,urban planner
robotic engineer,robotic engineer
health fitness,health fitness
chef,businessdevelopment
automobile,automobile
backend developer,backend developer
mechanical engineer,mechanical engineer
graphic designer,graphic designer
cloud architect,cloud architect
fitness,finance
publicrelation,finance
java developer,java developer
publicrelation,publicrelation
banking,finance
bpo,engineering
customer service representative,customer service representative
health fitness,health fitness
designer,fitness
ai researcher,ai researcher
sap developer,sap developer
sale,sale
environmental scientist,environmental scientist
teacher,publicrelation
java developer,java developer
content writer,content writer
backend developer,backend developer
marketing manager,marketing manager
seo specialist,seo specialist
chef,chef
creative director,creative director
designer,consultant
marketing manager,marketing manager
testing,testing
robotic engineer,robotic engineer
bpo,bpo
creative director,creative director
sap developer,sap developer
social worker,social worker
network security engineer,network security engineer
businessdevelopment,businessdevelopment
event planner,event planner
data scientist,data scientist
fitness coach,fitness coach
digitalmedia,businessdevelopment
chef,chef
ai researcher,ai researcher
creative director,creative director
testing,testing
art,advocate
teacher,supply chain manager
consultant,engineering
software engineer,journalist
sale representative,sale representative
healthcare,informationtechnology
journalist,journalist
data analyst,data analyst
hadoop,hadoop
architect,architect
product manager,product manager
chef,chef
teacher,electrician
chef,fitness
devops engineer,devops engineer
physician,physician
software engineer,software engineer
hr specialist,hr specialist
healthcare,hr
web designing,web designing
mobile app developer iosandroid,mobile app developer iosandroid
network security engineer,network security engineer
seo specialist,seo specialist
consultant,informationtechnology
engineering,engineering
chef,finance
social worker,social worker
apparel,apparel
engineering,businessdevelopment
pharmacist,pharmacist
businessdevelopment,businessdevelopment
event planner,event planner
system analyst,system analyst
personal trainer,personal trainer
agriculture,advocate
urban planner,urban planner
urban planner,product manager
research scientist,environmental scientist
aviation,consultant
lawyer,lawyer
informationtechnology,fitness
urban planner,urban planner
data scientist,data scientist
research scientist,research scientist
sap developer,sap developer
civil engineer,civil engineer
pilot,pilot
nurse,nurse
ai specialist,ai researcher
testing,testing
electrical engineering,electrical engineering
accountant,accountant
psychologist,psychologist
informationtechnology,businessdevelopment
construction manager,construction manager
database administrator,database administrator
etl developer,etl developer
healthcare,healthcare
pharmacist,supply chain manager
legal consultant,legal consultant
psychologist,psychologist
cybersecurity analyst,cybersecurity analyst
civil engineer,civil engineer
cloud architect,cloud architect
bpo,bpo
data analyst,machine learn engineer
system analyst,system analyst
teacher,aviation
civil engineer,civil engineer
database,database
hadoop,hadoop
sale representative,sale representative
chef,chef
finance,finance
ai researcher,ai researcher
database administrator,database administrator
construction,construction
pmo,pmo
environmental scientist,environmental scientist
machine learn engineer,ai specialist
supply chain manager,supply chain manager
accountant,informationtechnology
healthcare,healthcare
aviation,informationtechnology
designer,consultant
graphic designer,graphic designer
pilot,pilot
electrical engineering,electrical engineering
banking,hr
digitalmedia,sale
urban planner,urban planner
health fitness,health fitness
python developer,python developer
architect,architect
veterinarian,veterinarian
lawyer,lawyer
stack developer,stack developer
construction,construction
art,designer
hr,hr
pmo,pmo
database administrator,database administrator
pmo,pmo
graphic designer,graphic designer
cloud engineer,cloud engineer
mechanical engineer,hr specialist
apparel,designer
art,sale
physician,pharmacist
banking,finance
seo specialist,seo specialist
fitness coach,fitness coach
agriculture,agriculture
creative director,creative director
health fitness,health fitness
fitness,hr
hr specialist,hr specialist
pilot,pilot
machine learn engineer,machine learn engineer
mobile app developer iosandroid,mobile app developer iosandroid
sale,sale
ai researcher,ai researcher
operation manager,operation manager
hr,hr
machine learn engineer,ai specialist
social worker,social worker
sale representative,sale representative
data analyst,data analyst
product manager,product manager
healthcare,engineering
cloud architect,cloud architect
healthcare,healthcare
dentist,dentist
web designing,web designing
hr,businessdevelopment
aviation,aviation
aviation,consultant
pharmacist,pharmacist
psychologist,psychologist
machine learn engineer,machine learn engineer
chef,chef
robotic engineer,robotic engineer
marketing manager,marketing manager
environmental scientist,environmental scientist
banking,hr
hr,hr
electrician,electrician
environmental scientist,environmental scientist
pharmacist,pharmacist
consultant,finance
devops engineer,devops engineer
informationtechnology,informationtechnology
designer,informationtechnology
lawyer,lawyer
network security engineer,network security engineer
informationtechnology,informationtechnology
blockchain,blockchain
supply chain manager,supply chain manager
finance,finance
aviation,engineering
seo specialist,seo specialist
sale representative,sale representative
consultant,fitness
testing,testing
dotnet developer,dotnet developer
engineering,fitness
construction manager,construction manager
machine learn engineer,cloud engineer
graphic designer,graphic designer
urban planner,urban planner
accountant,finance
financial analyst,financial analyst
fitness coach,fitness coach
event planner,event planner
personal trainer,personal trainer
database administrator,database administrator
dotnet developer,dotnet developer
informationtechnology,finance
accountant,accountant
civil engineer,civil engineer
construction manager,construction manager
journalist,journalist
hr specialist,hr specialist
urban planner,urban planner
software engineer,software engineer
social worker,social worker
personal trainer,personal trainer
web designing,web designing
etl developer,etl developer
cloud architect,cloud architect
creative director,creative director
ux designer,graphic designer
veterinarian,veterinarian
mechanical engineer,web developer
urban planner,urban planner
business analyst,business analyst
accountant,financial analyst
blockchain,blockchain
construction manager,construction manager
banking,finance
advocate,advocate
environmental scientist,environmental scientist
personal trainer,personal trainer
java developer,java developer
content writer,content writer
engineering,engineering
businessdevelopment,businessdevelopment
web developer,web developer
psychologist,psychologist
product manager,product manager
financial analyst,financial analyst
customer service representative,customer service representative
health fitness,health fitness
data analyst,data analyst
data science,data science
construction,construction
backend developer,backend developer
construction,fitness
chef,chef
designer,engineering
financial analyst,financial analyst
sale,sale
database administrator,construction manager
customer service representative,customer service representative
chef,fitness
fitness,consultant
publicrelation,consultant
supply chain manager,supply chain manager
accountant,accountant
web developer,web developer
hr,hr
engineering,engineering
machine learn engineer,machine learn engineer
banking,businessdevelopment
automobile,automobile
automobile,automobile
pilot,pilot
environmental scientist,environmental scientist
physician,physician
hadoop,hadoop
content writer,content writer
aviation,aviation
businessdevelopment,businessdevelopment
designer,advocate
teacher,mechanical engineer
digitalmedia,accountant
content writer,content writer
legal consultant,legal consultant
consultant,consultant
aviation,healthcare
apparel,sale
creative director,creative director
web developer,hr specialist
financial analyst,financial analyst
environmental scientist,environmental scientist
mechanical engineer,mechanical engineer
teacher,aviation
agriculture,businessdevelopment
cloud architect,cloud architect
network security engineer,network security engineer
pilot,pilot
lawyer,lawyer
business analyst,business analyst
designer,hr
engineering,engineering
personal trainer,financial analyst
robotic engineer,robotic engineer
psychologist,psychologist
product manager,product manager
publicrelation,publicrelation
physician,physician
teacher,engineering
marketing manager,marketing manager
content writer,content writer
consultant,consultant
sale representative,sale representative
ai specialist,ai specialist
environmental scientist,urban planner
devops engineer,devops engineer
construction,finance
financial analyst,financial analyst
pharmacist,pharmacist
teacher,teacher
digitalmedia,digitalmedia
machine learn engineer,software engineer
healthcare,publicrelation
fitness,fitness
creative director,creative director
pilot,pilot
finance,informationtechnology
engineering,engineering
publicrelation,informationtechnology
marketing manager,marketing manager
data analyst,data analyst
lawyer,lawyer
informationtechnology,informationtechnology
frontend developer,frontend developer
construction manager,construction manager
finance,finance
digitalmedia,fitness
pilot,pilot
event planner,event planner
ux designer,ux designer
etl developer,etl developer
healthcare,informationtechnology
creative director,creative director
psychologist,psychologist
financial analyst,financial analyst
publicrelation,finance
digitalmedia,hr
database,database
agriculture,consultant
hadoop,hadoop
graphic designer,graphic designer
journalist,journalist
pilot,pilot
bpo,bpo
advocate,fitness
machine learn engineer,machine learn engineer
event planner,event planner
sale representative,sale representative
biomedical engineer,biomedical engineer
financial analyst,financial analyst
sap developer,sap developer
automation testing,automation testing
digitalmedia,sale
biomedical engineer,biomedical engineer
robotic engineer,robotic engineer
creative director,creative director
mechanical engineer,mechanical engineer
businessdevelopment,businessdevelopment
robotic engineer,robotic engineer
businessdevelopment,businessdevelopment
ai specialist,ai specialist
python developer,python developer
aviation,aviation
content writer,content writer
data scientist,data scientist
customer service representative,business analyst
product manager,product manager
digitalmedia,hr
pilot,mechanical engineer
apparel,engineering
database,database
digitalmedia,digitalmedia
automobile,sale
robotic engineer,robotic engineer
construction manager,construction manager
sale,businessdevelopment
web developer,web developer
physician,physician
graphic designer,graphic designer
cybersecurity analyst,cybersecurity analyst
designer,sale
bpo,engineering
hadoop,hadoop
business analyst,business analyst
data scientist,data scientist
blockchain,blockchain
designer,designer
social worker,social worker
biomedical engineer,biomedical engineer
publicrelation,publicrelation
pmo,pmo
python developer,python developer
nurse,nurse
pilot,event planner
personal trainer,personal trainer
designer,engineering
construction,construction
legal consultant,legal consultant
agriculture,agriculture
ai specialist,machine learn engineer
product manager,product manager
mobile app developer iosandroid,mobile app developer iosandroid
devops engineer,devops engineer
dotnet developer,dotnet developer
robotic engineer,robotic engineer
urban planner,urban planner
sale,sale
backend developer,backend developer
agriculture,engineering
fitness,aviation
advocate,healthcare
data scientist,data scientist
informationtechnology,informationtechnology
research scientist,research scientist
customer service representative,customer service representative
content writer,content writer
mobile app developer iosandroid,mobile app developer iosandroid
urban planner,urban planner
network security engineer,network security engineer
nurse,nurse
dentist,dentist
veterinarian,veterinarian
businessdevelopment,businessdevelopment
backend developer,backend developer
veterinarian,veterinarian
lawyer,lawyer
mobile app developer iosandroid,mobile app developer iosandroid
publicrelation,hr
sap developer,sap developer
publicrelation,consultant
research scientist,research scientist
creative director,mechanical engineer
health fitness,health fitness
accountant,finance
database administrator,database administrator
etl developer,etl developer
engineering,businessdevelopment
construction manager,construction manager
seo specialist,seo specialist
creative director,creative director
cloud engineer,cloud engineer
seo specialist,seo specialist
creative director,creative director
backend developer,backend developer
financial analyst,financial analyst
stack developer,stack developer
dotnet developer,dotnet developer
backend developer,backend developer
database,database
construction manager,construction manager
informationtechnology,informationtechnology
seo specialist,seo specialist
machine learn engineer,data scientist
agriculture,finance
cloud engineer,cloud engineer
system analyst,system analyst
dentist,dentist
accountant,accountant
backend developer,backend developer
hr specialist,sale representative
environmental scientist,environmental scientist
electrician,electrician
database,database
designer,hr
businessdevelopment,businessdevelopment
healthcare,healthcare
pilot,pilot
construction manager,construction manager
supply chain manager,supply chain manager
automation testing,automation testing
stack developer,stack developer
ai researcher,ai researcher
business analyst,business analyst
digitalmedia,hr
consultant,consultant
urban planner,urban planner
personal trainer,personal trainer
chef,sale
robotic engineer,robotic engineer
robotic engineer,robotic engineer
web designing,web designing
network security engineer,network security engineer
frontend developer,frontend developer
operation manager,operation manager
banking,finance
marketing manager,marketing manager
digitalmedia,businessdevelopment
chef,chef
banking,banking
accountant,accountant
business analyst,business analyst
informationtechnology,informationtechnology
cloud architect,cloud architect
mobile app developer iosandroid,mobile app developer iosandroid
hr specialist,hr specialist
system analyst,system analyst
electrical engineering,electrical engineering
fitness coach,fitness coach
journalist,journalist
psychologist,psychologist
seo specialist,seo specialist
accountant,financial analyst
operation manager,operation manager
backend developer,backend developer
data science,data science
pmo,pmo
bpo,bpo
mobile app developer iosandroid,mobile app developer iosandroid
fitness coach,fitness coach
ux designer,ux designer
chef,chef
engineering,engineering
informationtechnology,informationtechnology
web developer,web developer
art,publicrelation
devops engineer,devops engineer
civil engineer,robotic engineer
data science,data science
legal consultant,legal consultant
pmo,pmo
hr,engineering
product manager,product manager
consultant,consultant
ai specialist,ai researcher
art,consultant
hr specialist,hr specialist
graphic designer,ux designer
construction manager,construction manager
designer,healthcare
stack developer,stack developer
biomedical engineer,biomedical engineer
software engineer,software engineer
legal consultant,legal consultant
consultant,engineering
mobile app developer iosandroid,mobile app developer iosandroid
mechanical engineer,mechanical engineer
java developer,java developer
banking,banking
supply chain manager,supply chain manager
consultant,consultant
mechanical engineer,graphic designer
seo specialist,seo specialist
database,database
ux designer,ux designer
veterinarian,veterinarian
social worker,social worker
teacher,teacher
informationtechnology,informationtechnology
blockchain,blockchain
web developer,web developer
construction,consultant
system analyst,system analyst
robotic engineer,robotic engineer
testing,testing
dotnet developer,dotnet developer
social worker,social worker
testing,testing
automation testing,automation testing
finance,finance
web developer,web developer
data science,data science
biomedical engineer,psychologist
physician,physician
python developer,python developer
machine learn engineer,machine learn engineer
aviation,construction
web developer,web developer
biomedical engineer,biomedical engineer
cloud architect,cloud architect
civil engineer,creative director
pharmacist,pharmacist
hr specialist,hr specialist
pilot,pilot
environmental scientist,environmental scientist
social worker,accountant
product manager,product manager
healthcare,informationtechnology
finance,finance
ai specialist,ai specialist
data science,data science
marketing manager,marketing manager
electrical engineering,electrical engineering
web designing,web designing
legal consultant,legal consultant
data analyst,data analyst
civil engineer,civil engineer
informationtechnology,informationtechnology
marketing manager,marketing manager
cybersecurity analyst,pilot
physician,nurse
hr,hr
civil engineer,nurse
cybersecurity analyst,cybersecurity analyst
designer,consultant
creative director,creative director
architect,architect
system analyst,system analyst
software engineer,software engineer
database administrator,database administrator
data analyst,data analyst
data analyst,data analyst
healthcare,hr
database,database
database,database
lawyer,mechanical engineer
construction,fitness
seo specialist,seo specialist
mobile app developer iosandroid,mobile app developer iosandroid
aviation,aviation
electrician,electrician
finance,fitness
architect,architect
journalist,journalist
mechanical engineer,mechanical engineer
operation manager,operation manager
blockchain,blockchain
robotic engineer,robotic engineer
ai specialist,ai specialist
web developer,web developer
database,database
hr,hr
psychologist,psychologist
environmental scientist,environmental scientist
ai specialist,machine learn engineer
ai specialist,ai specialist
operation manager,construction manager
devops engineer,devops engineer
designer,designer
testing,testing
cloud architect,cloud architect
legal consultant,legal consultant
java developer,java developer
engineering,engineering
machine learn engineer,machine learn engineer
apparel,engineering
advocate,consultant
advocate,healthcare
cloud architect,cloud architect
backend developer,backend developer
aviation,aviation
machine learn engineer,machine learn engineer
designer,advocate
teacher,sale
electrician,physician
designer,aviation
legal consultant,legal consultant
creative director,creative director
web designing,web designing
construction,construction
apparel,advocate
sale,sale
database,database
ux designer,ux designer
advocate,advocate
cloud engineer,cloud engineer
etl developer,etl developer
ux designer,ux designer
publicrelation,consultant
ai researcher,ai researcher
system analyst,system analyst
sale representative,sale representative
social worker,social worker
java developer,java developer
blockchain,blockchain
seo specialist,seo specialist
urban planner,urban planner
bpo,bpo
designer,digitalmedia
fitness coach,fitness coach
consultant,fitness
art,art
data analyst,data analyst
devops engineer,devops engineer
engineering,businessdevelopment
cloud architect,cloud architect
software engineer,software engineer
civil engineer,construction manager
teacher,healthcare
java developer,java developer
legal consultant,legal consultant
frontend developer,frontend developer
social worker,social worker
construction,construction
fitness coach,fitness coach
cybersecurity analyst,cybersecurity analyst
supply chain manager,supply chain manager
java developer,java developer
physician,physician
software engineer,software engineer
graphic designer,graphic designer
pharmacist,pharmacist
python developer,python developer
automobile,automobile
chef,advocate
supply chain manager,supply chain manager
finance,banking
consultant,consultant
engineering,designer
biomedical engineer,biomedical engineer
construction manager,construction manager
fitness coach,fitness coach
fitness,hr
business analyst,business analyst
psychologist,psychologist
blockchain,blockchain
consultant,consultant
businessdevelopment,businessdevelopment
legal consultant,legal consultant
testing,testing
cloud engineer,cloud engineer
designer,sale
chef,finance
civil engineer,civil engineer
sale,sale
java developer,java developer
machine learn engineer,machine learn engineer
journalist,journalist
pmo,pmo
data analyst,ux designer
environmental scientist,environmental scientist
journalist,journalist
electrician,electrician
personal trainer,fitness coach
web designing,web designing
accountant,publicrelation
network security engineer,network security engineer
finance,informationtechnology
hr specialist,hr specialist
engineering,digitalmedia
seo specialist,seo specialist
consultant,finance
operation manager,operation manager
lawyer,lawyer
healthcare,healthcare
apparel,construction
backend developer,backend developer
mechanical engineer,civil engineer
research scientist,research scientist
operation manager,operation manager
legal consultant,legal consultant
backend developer,backend developer
creative director,creative director
journalist,journalist
pilot,pilot
network security engineer,network security engineer
product manager,product manager
chef,businessdevelopment
psychologist,psychologist
research scientist,research scientist
teacher,teacher
environmental scientist,environmental scientist
frontend developer,frontend developer
civil engineer,civil engineer
accountant,accountant
event planner,event planner
operation manager,operation manager
banking,banking
construction,informationtechnology
pmo,pmo
data scientist,data scientist
electrical engineering,electrical engineering
operation manager,operation manager
product manager,product manager
cloud architect,cloud architect
construction,businessdevelopment
data analyst,data analyst
advocate,consultant
seo specialist,seo specialist
database administrator,database administrator
fitness,hr
system analyst,system analyst
engineering,engineering
teacher,journalist
product manager,product manager
fitness coach,fitness coach
blockchain,blockchain
supply chain manager,supply chain manager
construction manager,construction manager
engineering,banking
machine learn engineer,ai specialist
python developer,python developer
backend developer,backend developer
advocate,advocate
business analyst,business analyst
pilot,pilot
publicrelation,finance
event planner,event planner
digitalmedia,aviation
construction manager,construction manager
marketing manager,marketing manager
physician,physician
creative director,creative director
architect,architect
data science,data science
health fitness,health fitness
backend developer,backend developer
dentist,dentist
businessdevelopment,businessdevelopment
biomedical engineer,biomedical engineer
urban planner,urban planner
construction manager,construction manager
python developer,python developer
cloud engineer,cloud engineer
testing,testing
environmental scientist,environmental scientist
sap developer,sap developer
hadoop,hadoop
accountant,accountant
blockchain,blockchain
sap developer,sap developer
blockchain,blockchain
web developer,web developer
healthcare,aviation
java developer,java developer
data science,data science
graphic designer,graphic designer
system analyst,system analyst
business analyst,business analyst
environmental scientist,environmental scientist
web designing,web designing
database administrator,database administrator
psychologist,psychologist
cloud engineer,cloud engineer
hr specialist,hr specialist
software engineer,software engineer
healthcare,hr
web developer,web developer
lawyer,lawyer
apparel,informationtechnology
banking,businessdevelopment
content writer,content writer
stack developer,stack developer
ai specialist,ai specialist
civil engineer,civil engineer
legal consultant,legal consultant
aviation,aviation
informationtechnology,informationtechnology
publicrelation,businessdevelopment
electrical engineering,electrical engineering
database,database
banking,finance
biomedical engineer,psychologist
construction manager,construction manager
financial analyst,financial analyst
mechanical engineer,marketing manager
informationtechnology,banking
chef,chef
advocate,designer
consultant,consultant
python developer,python developer
blockchain,blockchain
software engineer,software engineer
environmental scientist,environmental scientist
architect,architect
database,database
mobile app developer iosandroid,mobile app developer iosandroid
seo specialist,seo specialist
electrician,electrician
chef,chef
operation manager,operation manager
nurse,nurse
nurse,nurse
web developer,web developer
product manager,product manager
pharmacist,pharmacist
apparel,apparel
marketing manager,marketing manager
database administrator,database administrator
health fitness,health fitness
psychologist,psychologist
cybersecurity analyst,cybersecurity analyst
customer service representative,customer service representative
personal trainer,personal trainer
finance,finance
banking,healthcare
finance,hr
business analyst,business analyst
publicrelation,finance
psychologist,psychologist
chef,chef
python developer,python developer
business analyst,business analyst
ai specialist,ai specialist
engineering,engineering
engineering,engineering
consultant,banking
creative director,creative director
construction,consultant
data analyst,data analyst
web designing,web designing
chef,engineering
creative director,data analyst
legal consultant,legal consultant
accountant,hr
publicrelation,publicrelation
legal consultant,legal consultant
seo specialist,seo specialist
backend developer,backend developer
dentist,dentist
electrician,electrician
civil engineer,urban planner
supply chain manager,supply chain manager
data scientist,data scientist
dentist,dentist
cybersecurity analyst,cybersecurity analyst
data scientist,data scientist
fitness coach,fitness coach
digitalmedia,digitalmedia
software engineer,software engineer
sale,sale
robotic engineer,robotic engineer
electrical engineering,electrical engineering
sale representative,sale representative
physician,physician
advocate,hr
journalist,journalist
software engineer,software engineer
biomedical engineer,biomedical engineer
lawyer,lawyer
backend developer,backend developer
finance,finance
lawyer,lawyer
pharmacist,pharmacist
fitness,healthcare
testing,testing
event planner,event planner
businessdevelopment,businessdevelopment
healthcare,consultant
advocate,businessdevelopment
marketing manager,marketing manager
testing,testing
fitness,fitness
legal consultant,legal consultant
mobile app developer iosandroid,mobile app developer iosandroid
construction manager,operation manager
fitness,consultant
creative director,creative director
healthcare,hr
graphic designer,graphic designer
dentist,dentist
devops engineer,devops engineer
seo specialist,seo specialist
informationtechnology,informationtechnology
testing,testing
art,engineering
software engineer,software engineer
system analyst,system analyst
system analyst,system analyst
business analyst,business analyst
art,informationtechnology
ai researcher,ai researcher
content writer,content writer
teacher,lawyer
nurse,nurse
mobile app developer iosandroid,mobile app developer iosandroid
ai specialist,ai researcher
web designing,web designing
marketing manager,marketing manager
ux designer,ux designer
marketing manager,marketing manager
sap developer,sap developer
sale representative,sale representative
system analyst,system analyst
blockchain,blockchain
creative director,creative director
ai researcher,ai researcher
legal consultant,legal consultant
lawyer,lawyer
creative director,creative director
supply chain manager,operation manager
business analyst,business analyst
biomedical engineer,biomedical engineer
consultant,consultant
pilot,pilot
advocate,sale
pharmacist,pharmacist
sale representative,sale representative
lawyer,construction manager
web developer,web developer
hr specialist,machine learn engineer
ai specialist,ai specialist
banking,banking
informationtechnology,hr
web designing,web designing
etl developer,etl developer
social worker,social worker
construction manager,construction manager
pharmacist,pharmacist
teacher,teacher
advocate,finance
ai specialist,ai specialist
architect,mechanical engineer
hr,hr
physician,physician
web designing,web designing
teacher,teacher
operation manager,operation manager
ai specialist,ai specialist
sale representative,sale representative
legal consultant,legal consultant
automation testing,automation testing
database,database
biomedical engineer,biomedical engineer
businessdevelopment,businessdevelopment
devops engineer,devops engineer
mobile app developer iosandroid,mobile app developer iosandroid
supply chain manager,supply chain manager
electrical engineering,electrical engineering
frontend developer,frontend developer
designer,engineering
legal consultant,legal consultant
personal trainer,personal trainer
advocate,hr
businessdevelopment,businessdevelopment
bpo,bpo
fitness,fitness
accountant,art
cybersecurity analyst,cybersecurity analyst
hr,businessdevelopment
finance,finance
chef,chef
dentist,dentist
healthcare,healthcare
graphic designer,graphic designer
physician,nurse
cybersecurity analyst,cybersecurity analyst
informationtechnology,consultant
web designing,web designing
pmo,pmo
hr,hr
dotnet developer,dotnet developer
informationtechnology,publicrelation
sale representative,sale representative
event planner,event planner
ai researcher,physician
consultant,consultant
advocate,java developer
art,sale
chef,informationtechnology
web designing,web designing
marketing manager,marketing manager
data analyst,data analyst
health fitness,health fitness
stack developer,stack developer
teacher,teacher
electrical engineering,electrical engineering
civil engineer,civil engineer
consultant,consultant
finance,finance
machine learn engineer,machine learn engineer
graphic designer,graphic designer
hr,consultant
digitalmedia,hr
construction,publicrelation
pilot,urban planner
finance,informationtechnology
journalist,journalist
legal consultant,legal consultant
marketing manager,marketing manager
engineering,consultant
agriculture,aviation
network security engineer,network security engineer
healthcare,healthcare
advocate,healthcare
system analyst,system analyst
sale,sale
testing,testing
electrical engineering,electrical engineering
java developer,java developer
financial analyst,financial analyst
ai researcher,ai specialist
informationtechnology,consultant
devops engineer,devops engineer
machine learn engineer,machine learn engineer
veterinarian,veterinarian
physician,pharmacist
machine learn engineer,machine learn engineer
advocate,mobile app developer iosandroid
java developer,java developer
agriculture,agriculture
sale,sale
legal consultant,legal consultant
nurse,nurse
advocate,advocate
software engineer,software engineer
biomedical engineer,biomedical engineer
fitness,aviation
machine learn engineer,machine learn engineer
journalist,journalist
data science,data science
web developer,civil engineer
graphic designer,graphic designer
banking,consultant
finance,banking
marketing manager,marketing manager
operation manager,operation manager
data science,data science
physician,physician
web developer,web developer
data science,data science
software engineer,software engineer
electrical engineering,electrical engineering
aviation,consultant
backend developer,backend developer
system analyst,system analyst
product manager,product manager
electrician,electrician
network security engineer,network security engineer
robotic engineer,robotic engineer
data scientist,data scientist
physician,physician
data analyst,data analyst
sap developer,sap developer
fitness,fitness
system analyst,system analyst
operation manager,operation manager
stack developer,stack developer
chef,chef
bpo,bpo
python developer,python developer
personal trainer,personal trainer
product manager,product manager
social worker,social worker
web designing,web designing
data analyst,data analyst
data analyst,data analyst
accountant,consultant
construction,finance
advocate,advocate
hr,hr
urban planner,urban planner
database administrator,database administrator
art,hr
ai specialist,ai specialist
backend developer,backend developer
banking,hr
pharmacist,pharmacist
ai researcher,ai researcher
pmo,pmo
hadoop,hadoop
digitalmedia,hr
java developer,java developer
product manager,product manager
accountant,accountant
stack developer,stack developer
electrician,electrician
biomedical engineer,biomedical engineer
supply chain manager,supply chain manager
graphic designer,graphic designer
database administrator,database administrator
backend developer,backend developer
social worker,social worker
machine learn engineer,machine learn engineer
civil engineer,civil engineer
businessdevelopment,businessdevelopment
creative director,creative director
fitness,sale
biomedical engineer,biomedical engineer
informationtechnology,informationtechnology
marketing manager,marketing manager
fitness coach,fitness coach
blockchain,blockchain
backend developer,backend developer
healthcare,consultant
electrician,electrician
veterinarian,veterinarian
personal trainer,personal trainer
advocate,finance
creative director,creative director
hr,hr
automobile,businessdevelopment
lawyer,lawyer
sale,sale
marketing manager,marketing manager
healthcare,hr
businessdevelopment,businessdevelopment
mechanical engineer,mechanical engineer
architect,architect
art,hr
personal trainer,personal trainer
personal trainer,personal trainer
electrical engineering,electrical engineering
sale representative,sale representative
electrical engineering,electrical engineering
apparel,advocate
accountant,finance
electrician,electrician
environmental scientist,environmental scientist
database,database
nurse,nurse
java developer,java developer
health fitness,health fitness
sale,sale
designer,designer
environmental scientist,environmental scientist
graphic designer,graphic designer
marketing manager,marketing manager
hr specialist,hr specialist
art,accountant
data analyst,data analyst
creative director,creative director
psychologist,psychologist
construction,informationtechnology
event planner,event planner
hadoop,hadoop
testing,testing
lawyer,lawyer
accountant,accountant
ux designer,ux designer
mechanical engineer,robotic engineer
machine learn engineer,machine learn engineer
apparel,consultant
environmental scientist,environmental scientist
apparel,businessdevelopment
advocate,finance
etl developer,etl developer
blockchain,blockchain
biomedical engineer,biomedical engineer
marketing manager,marketing manager
seo specialist,seo specialist
dentist,dentist
testing,testing
sale,businessdevelopment
automobile,automobile
informationtechnology,engineering
web developer,web developer
agriculture,businessdevelopment
backend developer,backend developer
bpo,finance
electrical engineering,electrical engineering
physician,physician
event planner,event planner
system analyst,system analyst
operation manager,operation manager
designer,healthcare
chef,banking
engineering,hr
ai specialist,ai researcher
ai specialist,ai specialist
data analyst,data analyst
ai researcher,ai researcher
electrical engineering,electrical engineering
content writer,content writer
civil engineer,civil engineer
healthcare,banking
business analyst,business analyst
testing,testing
designer,advocate
biomedical engineer,biomedical engineer
machine learn engineer,ai specialist
banking,advocate
chef,chef
frontend developer,frontend developer
urban planner,urban planner
consultant,informationtechnology
environmental scientist,environmental scientist
biomedical engineer,psychologist
customer service representative,customer service representative
personal trainer,personal trainer
financial analyst,financial analyst
backend developer,backend developer
java developer,java developer
civil engineer,civil engineer
software engineer,software engineer
electrical engineering,electrical engineering
publicrelation,publicrelation
web designing,web designing
marketing manager,marketing manager
physician,physician
digitalmedia,engineering
pharmacist,seo specialist
data scientist,data scientist
publicrelation,sale
sale,sale
physician,physician
sale,sale
art,engineering
network security engineer,network security engineer
lawyer,lawyer
creative director,creative director
seo specialist,seo specialist
teacher,healthcare
dentist,dentist
hadoop,hadoop
art,art
hadoop,hadoop
content writer,content writer
electrician,electrician
designer,consultant
mechanical engineer,mechanical engineer
aviation,digitalmedia
legal consultant,legal consultant
hr specialist,hr specialist
dentist,dentist
software engineer,software engineer
agriculture,agriculture
finance,finance
chef,cloud engineer
cloud engineer,cloud engineer
financial analyst,financial analyst
machine learn engineer,machine learn engineer
health fitness,health fitness
automation testing,automation testing
legal consultant,legal consultant
hadoop,hadoop
chef,finance
aviation,finance
hr,hr
product manager,product manager
web developer,web developer
art,art
automation testing,automation testing
fitness coach,fitness coach
hr specialist,hr specialist
cloud engineer,cloud engineer
dentist,dentist
event planner,event planner
veterinarian,veterinarian
automobile,automobile
devops engineer,devops engineer
financial analyst,financial analyst
supply chain manager,supply chain manager
machine learn engineer,machine learn engineer
operation manager,operation manager
dentist,dentist
database administrator,database administrator
customer service representative,customer service representative
business analyst,business analyst
mobile app developer iosandroid,mobile app developer iosandroid
electrical engineering,electrical engineering
automation testing,automation testing
machine learn engineer,python developer
biomedical engineer,biomedical engineer
dentist,dentist
system analyst,system analyst
python developer,python developer
pmo,pmo
ai researcher,ai researcher
supply chain manager,supply chain manager
civil engineer,construction manager
nurse,nurse
informationtechnology,informationtechnology
civil engineer,civil engineer
java developer,java developer
sale,sale
ai specialist,ai specialist
marketing manager,marketing manager
legal consultant,legal consultant
sale,sale
consultant,consultant
business analyst,operation manager
architect,architect
psychologist,psychologist
product manager,product manager
business analyst,business analyst
database administrator,database administrator
legal consultant,legal consultant
teacher,teacher
frontend developer,frontend developer
construction manager,construction manager
cybersecurity analyst,cybersecurity analyst
automation testing,automation testing
finance,finance
python developer,python developer
electrician,electrician
pilot,pilot
designer,fitness
content writer,content writer
business analyst,construction
automation testing,automation testing
supply chain manager,supply chain manager
health fitness,health fitness
ux designer,ux designer
ai specialist,ai specialist
database,database
chef,chef
electrician,electrician
consultant,businessdevelopment
digitalmedia,digitalmedia
event planner,event planner
financial analyst,financial analyst
banking,banking
blockchain,blockchain
psychologist,psychologist
advocate,advocate
accountant,hr
health fitness,health fitness
apparel,hr
hr specialist,hr specialist
marketing manager,marketing manager
chef,chef
environmental scientist,environmental scientist
banking,engineering
hadoop,hadoop
sale representative,sale representative
dentist,dentist
nurse,physician
banking,consultant
agriculture,agriculture
pmo,pmo
event planner,event planner
pilot,pilot
construction manager,civil engineer
aviation,consultant
financial analyst,financial analyst
pharmacist,seo specialist
finance,banking
web developer,database administrator
psychologist,nurse
product manager,product manager
data analyst,machine learn engineer
businessdevelopment,businessdevelopment
mechanical engineer,mechanical engineer
cloud engineer,cloud engineer
pharmacist,cybersecurity analyst
legal consultant,legal consultant
social worker,social worker
creative director,creative director
event planner,event planner
dotnet developer,dotnet developer
nurse,nurse
robotic engineer,data analyst
nurse,nurse
biomedical engineer,biomedical engineer
automobile,automobile
chef,chef
hadoop,hadoop
civil engineer,marketing manager
cloud architect,ai specialist
banking,hr
biomedical engineer,biomedical engineer
web designing,web designing
bpo,bpo
engineering,engineering
pilot,pilot
healthcare,finance
architect,architect
banking,advocate
mechanical engineer,mechanical engineer
advocate,advocate
content writer,content writer
informationtechnology,informationtechnology
chef,chef
fitness,engineering
informationtechnology,informationtechnology
research scientist,research scientist
research scientist,research scientist
art,art
software engineer,software engineer
construction manager,construction manager
sale,businessdevelopment
aviation,businessdevelopment
data science,data science
electrician,electrician
mobile app developer iosandroid,mobile app developer iosandroid
bpo,bpo
lawyer,robotic engineer
customer service representative,customer service representative
frontend developer,frontend developer
hadoop,hadoop
advocate,advocate
data analyst,data analyst
apparel,engineering
java developer,java developer
banking,banking
mechanical engineer,mechanical engineer
social worker,social worker
accountant,accountant
cybersecurity analyst,cybersecurity analyst
physician,physician
architect,architect
fitness coach,personal trainer
devops engineer,devops engineer
cloud architect,cloud architect
designer,designer
cloud architect,cloud architect
pharmacist,pharmacist
art,art
blockchain,blockchain
event planner,event planner
lawyer,lawyer
accountant,accountant
fitness,hr
data analyst,data analyst
sale,sale
personal trainer,fitness coach
operation manager,operation manager
automation testing,automation testing
fitness,healthcare
mobile app developer iosandroid,mobile app developer iosandroid
automobile,automobile
nurse,nurse
nurse,nurse
web designing,web designing
electrical engineering,electrical engineering
electrician,architect
aviation,aviation
automation testing,automation testing
personal trainer,personal trainer
etl developer,etl developer
cybersecurity analyst,cybersecurity analyst
cloud engineer,cloud engineer
digitalmedia,businessdevelopment
ai researcher,ai researcher
environmental scientist,cybersecurity analyst
aviation,informationtechnology
urban planner,urban planner
hadoop,hadoop
system analyst,system analyst
informationtechnology,fitness
chef,agriculture
stack developer,stack developer
informationtechnology,consultant
machine learn engineer,machine learn engineer
web developer,web developer
teacher,teacher
pharmacist,pharmacist
mechanical engineer,mechanical engineer
fitness coach,fitness coach
biomedical engineer,biomedical engineer
backend developer,backend developer
fitness,fitness
electrician,electrician
customer service representative,customer service representative
finance,consultant
pilot,chef
art,businessdevelopment
automation testing,automation testing
machine learn engineer,machine learn engineer
art,sale
health fitness,health fitness
urban planner,urban planner
construction,businessdevelopment
teacher,teacher
legal consultant,legal consultant
healthcare,aviation
publicrelation,art
publicrelation,hr
aviation,fitness
product manager,product manager
consultant,finance
pmo,pmo
mechanical engineer,robotic engineer
urban planner,urban planner
informationtechnology,informationtechnology
teacher,teacher
event planner,event planner
chef,chef
dotnet developer,dotnet developer
content writer,content writer
nurse,software engineer
product manager,product manager
supply chain manager,supply chain manager
financial analyst,financial analyst
journalist,journalist
publicrelation,publicrelation
dotnet developer,dotnet developer
java developer,java developer
pmo,pmo
software engineer,software engineer
agriculture,healthcare
biomedical engineer,biomedical engineer
software engineer,software engineer
engineering,consultant
art,apparel
social worker,social worker
web developer,web developer
business analyst,business analyst
hr specialist,hr specialist
art,publicrelation
fitness coach,fitness coach
etl developer,etl developer
biomedical engineer,psychologist
cybersecurity analyst,cybersecurity analyst
data analyst,data analyst
ai researcher,ai specialist
system analyst,system analyst
finance,banking
teacher,mechanical engineer
dentist,dentist
pmo,pmo
database administrator,database administrator
customer service representative,customer service representative
frontend developer,frontend developer
financial analyst,financial analyst
python developer,python developer
marketing manager,marketing manager
biomedical engineer,biomedical engineer
healthcare,healthcare
sale,sale
fitness coach,fitness coach
frontend developer,frontend developer
stack developer,stack developer
designer,healthcare
sale representative,sale representative
pilot,pilot
pmo,pmo
fitness coach,fitness coach
accountant,informationtechnology
designer,sale
digitalmedia,healthcare
construction manager,construction manager
pharmacist,pharmacist
database administrator,data analyst
pilot,operation manager
devops engineer,devops engineer
ai specialist,machine learn engineer
lawyer,lawyer
software engineer,robotic engineer
dotnet developer,dotnet developer
sap developer,sap developer
legal consultant,legal consultant
businessdevelopment,businessdevelopment
testing,testing
event planner,event planner
psychologist,psychologist
web developer,web developer
etl developer,etl developer
engineering,informationtechnology
blockchain,blockchain
research scientist,research scientist
accountant,data analyst
python developer,python developer
data scientist,data scientist
web designing,web designing
personal trainer,personal trainer
teacher,physician
biomedical engineer,biomedical engineer
dentist,dentist
fitness,banking
hadoop,hadoop
construction manager,business analyst
hr,hr
agriculture,engineering
physician,physician
testing,testing
backend developer,backend developer
nurse,nurse
seo specialist,seo specialist
consultant,informationtechnology
graphic designer,graphic designer
creative director,content writer
aviation,aviation
ai specialist,ai specialist
marketing manager,construction manager
advocate,advocate
teacher,teacher
backend developer,backend developer
robotic engineer,robotic engineer
architect,architect
software engineer,software engineer
mechanical engineer,mechanical engineer
hadoop,hadoop
teacher,graphic designer
veterinarian,veterinarian
environmental scientist,environmental scientist
construction manager,construction manager
system analyst,system analyst
urban planner,mechanical engineer
engineering,engineering
architect,architect
hr specialist,hr specialist
seo specialist,seo specialist
bpo,bpo
software engineer,software engineer
business analyst,business analyst
banking,banking
cloud architect,cloud architect
event planner,event planner
sale,sale
nurse,physician
ai researcher,ai researcher
chef,advocate
lawyer,lawyer
backend developer,backend developer
electrical engineering,electrical engineering
pmo,pmo
sale,businessdevelopment
ux designer,ux designer
social worker,social worker
accountant,accountant
backend developer,backend developer
system analyst,system analyst
accountant,apparel
cloud architect,cloud architect
event planner,event planner
banking,businessdevelopment
data science,data science
backend developer,backend developer
ai researcher,ai researcher
pharmacist,pharmacist
nurse,nurse
agriculture,engineering
publicrelation,hr
product manager,product manager
network security engineer,network security engineer
advocate,hr
network security engineer,network security engineer
robotic engineer,content writer
construction,agriculture
frontend developer,frontend developer
accountant,accountant
apparel,apparel
robotic engineer,robotic engineer
apparel,hr
businessdevelopment,businessdevelopment
robotic engineer,robotic engineer
designer,consultant
advocate,finance
accountant,banking
machine learn engineer,machine learn engineer
supply chain manager,supply chain manager
mechanical engineer,mechanical engineer
banking,hr
automobile,automobile
biomedical engineer,machine learn engineer
urban planner,urban planner
supply chain manager,supply chain manager
marketing manager,marketing manager
health fitness,health fitness
seo specialist,seo specialist
biomedical engineer,cloud architect
python developer,python developer
bpo,bpo
etl developer,etl developer
healthcare,sale
sap developer,sap developer
architect,architect
healthcare,healthcare
ai specialist,ai researcher
construction,publicrelation
aviation,aviation
aviation,sale
accountant,advocate
informationtechnology,businessdevelopment
seo specialist,seo specialist
backend developer,backend developer
product manager,product manager
data scientist,data scientist
fitness coach,personal trainer
teacher,teacher
construction manager,construction manager
aviation,aviation
ai researcher,ai researcher
agriculture,engineering
frontend developer,frontend developer
accountant,graphic designer
biomedical engineer,biomedical engineer
content writer,content writer
product manager,product manager
operation manager,operation manager
machine learn engineer,machine learn engineer
stack developer,stack developer
informationtechnology,fitness
etl developer,etl developer
java developer,java developer
informationtechnology,finance
sale representative,sale representative
etl developer,etl developer
urban planner,urban planner
healthcare,healthcare
social worker,fitness coach
construction,construction
personal trainer,personal trainer
aviation,informationtechnology
frontend developer,frontend developer
lawyer,lawyer
sale representative,sale representative
stack developer,stack developer
pilot,pilot
banking,businessdevelopment
operation manager,business analyst
research scientist,cybersecurity analyst
pilot,pilot
blockchain,blockchain
digitalmedia,businessdevelopment
ux designer,ux designer
customer service representative,customer service representative
consultant,consultant
dotnet developer,dotnet developer
publicrelation,aviation
mechanical engineer,mechanical engineer
ux designer,ux designer
journalist,journalist
fitness,fitness
journalist,journalist
cloud architect,cloud architect
healthcare,businessdevelopment
biomedical engineer,biomedical engineer
financial analyst,financial analyst
teacher,consultant
blockchain,blockchain
graphic designer,graphic designer
social worker,physician
construction manager,construction manager
engineering,finance
system analyst,system analyst
machine learn engineer,machine learn engineer
business analyst,sale
banking,consultant
research scientist,pilot
construction,businessdevelopment
machine learn engineer,machine learn engineer
publicrelation,publicrelation
construction,advocate
frontend developer,frontend developer
accountant,accountant
customer service representative,customer service representative
graphic designer,data analyst
data science,data science
fitness coach,fitness coach
supply chain manager,supply chain manager
machine learn engineer,machine learn engineer
electrical engineering,electrical engineering
consultant,consultant
accountant,fitness
apparel,hr
mechanical engineer,mechanical engineer
informationtechnology,informationtechnology
construction,engineering
mechanical engineer,civil engineer
automation testing,automation testing
lawyer,operation manager
hr specialist,hr specialist
machine learn engineer,machine learn engineer
chef,chef
java developer,java developer
teacher,teacher
journalist,journalist
electrician,electrician
lawyer,lawyer
finance,digitalmedia
sap developer,sap developer
devops engineer,devops engineer
teacher,designer
creative director,content writer
customer service representative,customer service representative
event planner,event planner
healthcare,businessdevelopment
sale representative,sale representative
construction manager,construction manager
healthcare,hr
pilot,pilot
aviation,accountant
pmo,pmo
hr,hr
hr,hr
hadoop,hadoop
businessdevelopment,businessdevelopment
product manager,product manager
healthcare,informationtechnology
product manager,product manager
aviation,aviation
informationtechnology,fitness
accountant,accountant
network security engineer,network security engineer
pilot,environmental scientist
operation manager,operation manager
data analyst,data analyst
construction manager,construction manager
teacher,teacher
electrician,electrician
veterinarian,veterinarian
apparel,consultant
data scientist,data scientist
urban planner,urban planner
teacher,teacher
customer service representative,customer service representative
advocate,businessdevelopment
designer,finance
hadoop,hadoop
robotic engineer,robotic engineer
journalist,journalist
machine learn engineer,ai specialist
electrician,electrician
businessdevelopment,businessdevelopment
agriculture,advocate
accountant,accountant
personal trainer,personal trainer
digitalmedia,hr
legal consultant,legal consultant
data scientist,data scientist
ux designer,ux designer
construction manager,construction manager
product manager,product manager
mobile app developer iosandroid,mobile app developer iosandroid
veterinarian,veterinarian
bpo,bpo
stack developer,stack developer
psychologist,psychologist
chef,engineering
etl developer,etl developer
healthcare,healthcare
physician,physician
cloud architect,cloud architect
mechanical engineer,mechanical engineer
healthcare,healthcare
product manager,product manager
publicrelation,sale
sale representative,sale representative
cybersecurity analyst,cybersecurity analyst
python developer,python developer
business analyst,mechanical engineer
system analyst,system analyst
hr,hr
electrical engineering,electrical engineering
apparel,engineering
sale representative,sale representative
social worker,accountant
graphic designer,graphic designer
hr,hr
physician,physician
dotnet developer,dotnet developer
graphic designer,graphic designer
supply chain manager,supply chain manager
testing,testing
automobile,automobile
psychologist,psychologist
physician,physician
civil engineer,civil engineer
healthcare,banking
consultant,consultant
hr,hr
blockchain,blockchain
engineering,engineering
pilot,pilot
bpo,bpo
hr specialist,hr specialist
graphic designer,graphic designer
apparel,consultant
cloud engineer,cloud engineer
businessdevelopment,businessdevelopment
mechanical engineer,mechanical engineer
dotnet developer,dotnet developer
informationtechnology,finance
mobile app developer iosandroid,mobile app developer iosandroid
hr specialist,hr specialist
blockchain,blockchain
machine learn engineer,machine learn engineer
pilot,pilot
robotic engineer,robotic engineer
ai researcher,ai specialist
sale,sale
dentist,dentist
mobile app developer iosandroid,mobile app developer iosandroid
architect,architect
sale representative,sale representative
frontend developer,frontend developer
robotic engineer,robotic engineer
stack developer,stack developer
social worker,social worker
backend developer,backend developer
engineering,engineering
accountant,hr
hr,hr
cloud architect,cloud architect
machine learn engineer,machine learn engineer
machine learn engineer,ai specialist
cybersecurity analyst,cybersecurity analyst
apparel,apparel
ai researcher,ai researcher
hr,hr
cybersecurity analyst,cybersecurity analyst
legal consultant,legal consultant
graphic designer,physician
healthcare,healthcare
art,finance
banking,sale
businessdevelopment,businessdevelopment
python developer,python developer
web developer,web developer
pilot,pilot
teacher,healthcare
mobile app developer iosandroid,mobile app developer iosandroid
event planner,event planner
businessdevelopment,businessdevelopment
chef,hr
marketing manager,marketing manager
hr specialist,hr specialist
teacher,teacher
chef,sale
data science,data science
publicrelation,businessdevelopment
event planner,supply chain manager
content writer,content writer
robotic engineer,robotic engineer
electrical engineering,electrical engineering
chef,fitness
seo specialist,seo specialist
hr,hr
machine learn engineer,machine learn engineer
personal trainer,personal trainer
accountant,accountant
machine learn engineer,machine learn engineer
physician,physician
veterinarian,veterinarian
customer service representative,mechanical engineer
advocate,hr
blockchain,blockchain
dentist,dentist
robotic engineer,robotic engineer
designer,consultant
aviation,businessdevelopment
banking,banking
chef,hr
chef,publicrelation
automobile,publicrelation
data scientist,data scientist
construction manager,construction manager
construction,sale
ai specialist,ai specialist
healthcare,engineering
pilot,pilot
sap developer,sap developer
database,database
creative director,creative director
hr specialist,hr specialist
architect,architect
informationtechnology,informationtechnology
etl developer,etl developer
teacher,teacher
social worker,social worker
urban planner,urban planner
web developer,web developer
supply chain manager,supply chain manager
veterinarian,veterinarian
java developer,java developer
veterinarian,veterinarian
construction manager,construction manager
legal consultant,legal consultant
sale representative,sale representative
engineering,engineering
informationtechnology,construction
network security engineer,network security engineer
cybersecurity analyst,web developer
customer service representative,customer service representative
software engineer,software engineer
database administrator,database administrator
digitalmedia,designer
fitness coach,fitness coach
lawyer,construction manager
etl developer,etl developer
marketing manager,marketing manager
social worker,social worker
urban planner,urban planner
machine learn engineer,machine learn engineer
businessdevelopment,businessdevelopment
network security engineer,network security engineer
fitness,advocate
cloud architect,cloud architect
ai specialist,ai specialist
robotic engineer,robotic engineer
network security engineer,network security engineer
robotic engineer,robotic engineer
personal trainer,personal trainer
consultant,consultant
pmo,pmo
database administrator,database administrator
personal trainer,personal trainer
journalist,journalist
biomedical engineer,biomedical engineer
research scientist,research scientist
construction,engineering
stack developer,stack developer
sale representative,sale representative
health fitness,health fitness
psychologist,psychologist
graphic designer,graphic designer
hr specialist,hr specialist
data analyst,data analyst
dentist,dentist
graphic designer,graphic designer
construction,advocate
civil engineer,civil engineer
veterinarian,veterinarian
robotic engineer,robotic engineer
pharmacist,pharmacist
designer,engineering
python developer,python developer
sale,sale
software engineer,software engineer
nurse,nurse
cybersecurity analyst,cybersecurity analyst
psychologist,psychologist
pharmacist,pharmacist
teacher,teacher
construction,banking
fitness coach,personal trainer
agriculture,hr
businessdevelopment,businessdevelopment
accountant,web developer
advocate,consultant
accountant,financial analyst
automation testing,automation testing
biomedical engineer,biomedical engineer
hr specialist,hr specialist
art,sale
fitness,publicrelation
art,finance
aviation,hr
health fitness,health fitness
teacher,teacher
ux designer,ux designer
automobile,aviation
blockchain,blockchain
system analyst,system analyst
hadoop,hadoop
finance,engineering
product manager,product manager
apparel,fitness
testing,testing
healthcare,advocate
art,engineering
nurse,civil engineer
legal consultant,legal consultant
mobile app developer iosandroid,mobile app developer iosandroid
health fitness,health fitness
consultant,hr
healthcare,informationtechnology
architect,architect
business analyst,business analyst
social worker,social worker
physician,physician
teacher,banking
robotic engineer,robotic engineer
journalist,journalist
sale,cloud engineer
data science,data science
bpo,bpo
mobile app developer iosandroid,mobile app developer iosandroid
electrical engineering,electrical engineering
system analyst,system analyst
chef,engineering
construction manager,construction manager
pilot,pilot
fitness,fitness
graphic designer,graphic designer
seo specialist,seo specialist
event planner,event planner
electrical engineering,electrical engineering
finance,finance
physician,physician
pharmacist,pharmacist
physician,physician
pilot,pilot
art,informationtechnology
seo specialist,seo specialist
financial analyst,financial analyst
graphic designer,graphic designer
event planner,event planner
supply chain manager,supply chain manager
chef,chef
teacher,aviation
biomedical engineer,biomedical engineer
data analyst,data analyst
web designing,web designing
agriculture,agriculture
construction,businessdevelopment
marketing manager,marketing manager
biomedical engineer,biomedical engineer
financial analyst,financial analyst
consultant,consultant
accountant,data analyst
ai researcher,ai specialist
research scientist,research scientist
operation manager,operation manager
construction manager,construction manager
cloud architect,cloud architect
dentist,dentist
accountant,accountant
cybersecurity analyst,cybersecurity analyst
publicrelation,fitness
supply chain manager,supply chain manager
electrical engineering,electrical engineering
apparel,consultant
dotnet developer,dotnet developer
database administrator,database administrator
automation testing,automation testing
aviation,consultant
chef,advocate
product manager,product manager
supply chain manager,supply chain manager
biomedical engineer,biomedical engineer
frontend developer,frontend developer
accountant,financial analyst
financial analyst,financial analyst
banking,hr
personal trainer,personal trainer
consultant,engineering
apparel,consultant
pilot,pilot
designer,hr
machine learn engineer,ai specialist
accountant,consultant
banking,advocate
engineering,fitness
web designing,web designing
hr specialist,hr specialist
data scientist,data scientist
fitness,hr
pmo,pmo
construction manager,construction manager
software engineer,software engineer
construction manager,construction manager
electrical engineering,electrical engineering
veterinarian,veterinarian
content writer,content writer
machine learn engineer,seo specialist
cybersecurity analyst,cybersecurity analyst
robotic engineer,robotic engineer
veterinarian,veterinarian
bpo,bpo
informationtechnology,informationtechnology
sale,sale
hr,hr
testing,testing
data analyst,data analyst
electrician,electrician
testing,testing
psychologist,psychologist
ai specialist,machine learn engineer
hr specialist,hr specialist
nurse,nurse
data analyst,data analyst
consultant,consultant
backend developer,backend developer
businessdevelopment,businessdevelopment
blockchain,blockchain
devops engineer,devops engineer
apparel,advocate
banking,consultant
consultant,consultant
architect,mechanical engineer
backend developer,backend developer
graphic designer,graphic designer
psychologist,psychologist
mechanical engineer,mechanical engineer
art,consultant
hr specialist,hr specialist
mechanical engineer,mechanical engineer
engineering,engineering
advocate,stack developer
mechanical engineer,mechanical engineer
testing,testing
devops engineer,devops engineer
mobile app developer iosandroid,mobile app developer iosandroid
data analyst,data analyst
cybersecurity analyst,cybersecurity analyst
engineering,publicrelation
veterinarian,veterinarian
operation manager,marketing manager
automobile,automobile
advocate,engineering
personal trainer,financial analyst
automation testing,automation testing
database,database
health fitness,health fitness
